{
  "project_info": {
    "project_number": "146967037981",
    "project_id": "wrapit-d3156",
    "storage_bucket": "wrapit-d3156.firebasestorage.app"
  },
  "client": [
    {
      "client_info": {
        "mobilesdk_app_id": "1:146967037981:android:f40ab2cc3462a348a41ef4",
        "android_client_info": {
          "package_name": "com.example.canteen_app"
        }
      },
      "oauth_client": [],
      "api_key": [
        {
          "current_key": "AIzaSyAczy9apQib0yUJmKKVV39M76D5NA6rBzQ"
        }
      ],
      "services": {
        "appinvite_service": {
          "other_platform_oauth_client": []
        }
      }
    },
    {
      "client_info": {
        "mobilesdk_app_id": "1:146967037981:android:5d9acabf9aad8daaa41ef4",
        "android_client_info": {
          "package_name": "com.sass.wrapit"
        }
      },
      "oauth_client": [],
      "api_key": [
        {
          "current_key": "AIzaSyAczy9apQib0yUJmKKVV39M76D5NA6rBzQ"
        }
      ],
      "services": {
        "appinvite_service": {
          "other_platform_oauth_client": []
        }
      }
    },
    {
      "client_info": {
        "mobilesdk_app_id": "1:146967037981:android:c66ad7f56af0e8eba41ef4",
        "android_client_info": {
          "package_name": "com.sass.wrapit_fixed"
        }
      },
      "oauth_client": [],
      "api_key": [
        {
          "current_key": "AIzaSyAczy9apQib0yUJmKKVV39M76D5NA6rBzQ"
        }
      ],
      "services": {
        "appinvite_service": {
          "other_platform_oauth_client": []
        }
      }
    },
    {
      "client_info": {
        "mobilesdk_app_id": "1:146967037981:android:a1e9f2eb806e451ba41ef4",
        "android_client_info": {
          "package_name": "com.sass.wrapit_new"
        }
      },
      "oauth_client": [],
      "api_key": [
        {
          "current_key": "AIzaSyAczy9apQib0yUJmKKVV39M76D5NA6rBzQ"
        }
      ],
      "services": {
        "appinvite_service": {
          "other_platform_oauth_client": []
        }
      }
    }
  ],
  "configuration_version": "1"
}